{"cameraMode":{"drawMode":0,"name":"Shaded","section":"Shading Mode"},"sceneLighting":false,"audioPlay":false,"sceneViewState":{"showFog":false,"showMaterialUpdate":false,"showSkybox":false,"showFlares":false,"showImageEffects":false,"showParticleSystems":false},"in2DMode":false,"pivot":{"x":17.592926025390626,"y":68.59553527832031,"z":-1448.9677734375},"rotation":{"x":-0.014583897776901722,"y":-0.4340958595275879,"z":-0.007028692401945591,"w":0.9007211923599243},"size":584.445068359375,"orthographic":false}