{"cameraMode":{"drawMode":0,"name":"Shaded","section":"Shading Mode"},"sceneLighting":false,"audioPlay":false,"sceneViewState":{"showFog":false,"showMaterialUpdate":false,"showSkybox":false,"showFlares":false,"showImageEffects":false,"showParticleSystems":false},"in2DMode":false,"pivot":{"x":229.20509338378907,"y":297.5729675292969,"z":-36.41265869140625},"rotation":{"x":-0.0731249451637268,"y":-0.0020892703905701639,"z":-0.00015260727377608418,"w":0.9973206520080566},"size":22.0,"orthographic":false}